date,cb_rediscount,cb_advance,int_needloan,bist_volume,usd_buy,usd_sell,eur_buy,eur_sell,cb_assets,cb_trbonds,cb_liabilities,cb_gold,cb_fx,cpi03_all,cpi03_food,cpi03_health,cpi03_educ,cpi95_all,debt_foreign_musd,debt_domestic_ktry,foreign_investment_musd,gov_rev,gov_rev_tax,gov_rev_directtax,gov_rev_indirecttax,centralgov_rev,centralgov_exp,oecd_cli,oecd_cli_cycl,oecd_cli_dtd,gdp,ppi_03
2002-Q1,60.000,70.000,70.294,"421,388.658",1.356,1.363,1.189,1.195,"55,308,035.820","30,458,301.197","55,308,035.820","1,032.000","19,944.154",,,,,"3,286.833","113,902.000","120,299,042.000",,,,,,,,121.203,99.520,6.153,"69,685,582.583",72.78
2002-Q2,55.000,64.000,55.348,"289,081.639",1.405,1.411,1.290,1.296,"59,380,060.688","28,988,413.094","59,380,060.688","1,032.000","22,096.077",,,,,"3,490.667","123,364.000","126,830,490.000",,,,,,,,122.123,99.803,6.380,"84,198,133.017",76.14
2002-Q3,55.000,64.000,55.294,"314,716.204",1.643,1.651,1.616,1.624,"70,836,848.994","29,323,123.585","70,836,848.994","1,032.000","24,271.462",,,,,"3,574.300","124,952.000","140,290,726.000",,,,,,,,121.660,98.940,4.157,"102,394,115.551",80.83
2002-Q4,55.000,64.000,52.256,"667,623.410",1.612,1.620,1.612,1.620,"72,772,166.776","30,303,562.556","72,772,166.776","1,032.000","25,852.615",,,,,"3,979.100","129,606.000","149,869,691.000",,,,,,,,124.177,100.523,5.363,"105,831,816.474",87.35
2003-Q1,55.000,64.000,49.625,"382,011.376",1.647,1.655,1.766,1.774,"77,435,843.341","31,558,046.305","77,435,843.341","1,279.000","27,770.769",96.373,96.933,95.483,92.903,"4,129.167","130,954.000","162,557,876.000",,,,,,,,123.227,99.327,1.670,"97,161,196.431",97.33
2003-Q2,50.000,57.000,52.954,"502,601.209",1.512,1.520,1.713,1.721,"72,358,116.759","30,777,809.889","72,358,116.759","1,279.000","27,421.846",99.750,102.247,100.547,92.993,"4,533.600","135,063.000","175,269,922.000",,,,,,,,124.287,99.800,1.767,"112,310,401.580",101.09
2003-Q3,50.000,57.000,45.630,"457,656.575",1.389,1.396,1.562,1.570,"70,361,282.592","27,991,221.045","70,361,282.592","1,279.000","29,873.846",100.487,98.547,103.013,102.813,"4,484.033","138,746.000","178,711,655.000",,,,,,,,125.527,100.470,3.173,"131,066,306.100",98.93
2003-Q4,43.000,48.000,35.460,"1,061,293.158",1.438,1.445,1.712,1.720,"77,196,271.055","28,080,880.048","77,196,271.055","1,279.000","32,805.231",103.393,102.277,100.957,111.293,"4,735.333","144,175.000","194,386,700.000",,,,,,,,127.863,102.087,2.967,"131,633,871.196",100.8
2004-Q1,43.000,48.000,31.949,"1,003,805.932",1.328,1.334,1.661,1.669,"73,823,184.577","27,107,449.148","73,823,184.577","1,558.000","33,340.538",105.507,106.270,104.983,111.703,"4,795.033","144,813.000","203,707,545.000",,,,,,,,127.647,101.743,3.587,"119,544,458.521",106.35
2004-Q2,38.000,42.000,30.468,"654,305.574",1.447,1.454,1.744,1.753,"76,303,305.402","26,180,176.635","76,303,305.402","1,580.000","33,045.077",107.150,106.227,105.760,111.867,"4,995.867","147,369.000","209,118,695.000",,,,,,,,127.100,101.227,2.263,"138,988,008.568",110.86
2004-Q3,38.000,42.000,32.840,"763,787.130",1.471,1.478,1.798,1.807,"76,580,212.842","24,530,175.815","76,580,212.842","1,474.000","33,181.077",108.610,104.967,109.613,122.587,"4,880.233","153,121.000","217,571,356.000",,,,,,,,127.170,101.283,1.307,"161,374,936.375",109.64
2004-Q4,38.000,42.000,31.160,"939,642.319",1.439,1.446,1.863,1.872,"77,412,847.010","23,611,903.937","77,412,847.010","1,551.429","35,058.429",113.130,109.797,111.857,131.167,"5,114.433","161,157.000","224,482,922.000",,,,,,,,127.800,101.843,-0.047,"162,945,395.353",115.48
2005-Q1,32.000,35.000,27.372,"1,168,591.711",1.320,1.327,1.734,1.742,"74,175,126.450","22,473,077.639","74,175,126.429","1,635.000","36,378.083",114.603,112.633,112.867,130.453,"5,169.700","160,338.000","232,489,000.000",486.000,,,,,,,125.733,100.307,-1.487,"142,588,339.875",115.63
2005-Q2,28.000,30.000,25.011,"749,257.840",1.358,1.364,1.712,1.721,"75,200,740.719","21,056,822.984","75,200,740.672","1,596.000","37,166.769",116.377,111.337,114.277,131.783,"5,344.867","162,715.000","234,799,000.000",620.000,,,,,,,124.043,99.070,-2.400,"163,510,888.172",119.5
2005-Q3,28.000,30.000,24.347,"1,097,846.220",1.335,1.341,1.629,1.637,"78,536,397.092","19,571,556.415","78,536,397.092","1,640.714","41,115.857",117.200,109.283,111.777,137.760,"5,347.533","166,497.000","243,207,000.000","2,281.000",,,,,,,124.483,99.533,-2.110,"186,658,293.147",121.38
2005-Q4,23.000,25.000,21.934,"1,240,732.766",1.350,1.357,1.605,1.613,"84,937,062.873","19,358,976.254","84,937,062.873","1,778.385","46,099.769",121.747,115.060,111.643,140.623,"5,684.067","170,774.000","244,782,000.000","5,148.000",,,,,,,125.833,100.703,-1.527,"187,518,326.112",122.25
2006-Q1,23.000,25.000,21.114,"1,637,257.730",1.326,1.332,1.594,1.601,"95,145,946.033","19,434,755.475","95,145,946.016","1,935.077","54,470.385",123.863,120.017,113.110,140.780,"5,739.333","185,470.000","246,360,000.000",364.000,"37,788,344.000","31,251,069.000","10,402,832.000","20,848,237.000","12,775,074.333","13,124,970.667",125.103,100.173,-0.500,"162,557,039.879",123.83
2006-Q2,23.000,25.000,20.582,"1,440,806.570",1.449,1.456,1.823,1.831,"105,366,649.516","19,122,930.469","105,366,649.500","2,182.923","58,959.308",127.557,122.217,116.020,142.260,"5,944.700","191,539.000","249,085,000.000","7,280.000","44,348,342.000","34,723,974.000","10,237,230.000","24,486,744.000","15,232,038.000","14,074,551.000",125.117,100.200,0.863,"194,686,248.321",130.63
2006-Q3,23.000,25.000,27.554,"1,039,436.151",1.495,1.502,1.905,1.914,"103,048,968.047","18,768,905.938","103,048,968.063","2,264.154","57,254.231",129.893,122.140,118.150,147.977,"5,943.833","197,139.000","250,869,000.000","3,700.000","43,256,165.000","36,030,917.000","10,879,101.000","25,151,816.000","14,672,417.333","15,941,586.667",124.280,99.507,-0.157,"218,698,672.851",135.66
2006-Q4,27.000,29.000,25.923,"1,099,682.873",1.450,1.457,1.872,1.881,"101,826,702.823","18,598,372.968","101,826,702.806","2,252.077","57,777.462",133.713,127.407,120.530,151.580,"6,249.000","207,999.000","251,470,000.000","6,295.000","43,922,974.000","35,474,332.000","11,738,706.000","23,735,626.000","15,148,280.333","16,234,236.000",125.363,100.310,-0.373,"219,815,147.774",135.41
2007-Q1,27.000,29.000,24.937,"1,411,793.497",1.404,1.411,1.839,1.848,"106,016,004.097","18,802,609.065","106,016,004.113","2,380.692","62,324.231",136.643,136.503,121.887,151.590,"6,310.967","214,111.000","263,724,000.000","8,279.000","45,446,545.000","33,941,356.000","11,429,467.000","22,511,889.000","15,369,813.667","16,480,632.333",127.027,101.533,1.533,"191,184,952.153",136.39
2007-Q2,27.000,29.000,23.372,"1,325,491.139",1.334,1.340,1.797,1.806,"108,060,866.234","17,979,072.891","108,060,866.234","2,469.231","66,123.538",139.683,136.667,122.723,153.603,"6,608.567","224,399.000","253,718,000.000","2,595.000","47,382,548.000","36,646,207.000","12,152,627.000","24,493,580.000","16,228,404.000","17,079,182.000",126.567,101.017,1.150,"214,335,139.713",139.11
2007-Q3,27.000,29.000,22.502,"1,796,812.309",1.282,1.289,1.760,1.769,"108,725,933.391","16,640,533.797","108,725,933.391","2,450.154","69,695.692",139.167,135.713,123.070,158.660,"6,554.367","236,362.000","258,272,000.000","3,626.000","46,105,616.000","41,069,133.000","13,827,632.000","27,241,501.000","15,663,975.000","17,760,039.667",128.070,102.027,3.047,"239,214,245.059",140.55
2007-Q4,25.000,27.000,20.705,"1,628,250.524",1.185,1.191,1.716,1.724,"105,386,977.710","16,546,761.726","105,386,977.710","2,764.000","70,971.385",144.630,143.960,122.453,160.720,"7,021.533","249,933.000","255,310,000.000","4,637.000","46,780,536.000","41,178,415.000","14,433,899.000","26,744,516.000","16,191,065.000","16,702,707.000",128.797,102.360,2.737,"242,980,076.865",142.63
2008-Q1,25.000,27.000,20.117,"1,510,190.924",1.197,1.202,1.792,1.801,"107,236,335.438","16,811,987.281","107,236,335.438","3,123.000","72,935.077",148.683,152.707,121.933,160.817,"7,097.467","264,887.000","266,477,375.000","3,738.000","45,555,205.000","40,255,828.000","14,458,903.000","25,796,925.000","15,729,435.000","17,187,291.000",129.193,102.383,1.707,"219,835,021.600",147.81
2008-Q2,25.000,27.000,20.979,"1,262,394.599",1.257,1.263,1.964,1.974,"111,132,541.381","16,150,091.508","111,132,541.381","3,492.000","74,788.077",154.123,156.313,122.193,163.697,"7,544.633","287,001.000","260,999,809.000","4,602.000","54,716,458.000","42,495,850.000","14,239,767.000","28,256,083.000","18,439,221.333","16,342,219.667",127.663,100.810,0.867,"251,530,359.845",161.42
2008-Q3,25.000,27.000,21.737,"1,285,569.413",1.204,1.210,1.816,1.825,"108,183,008.923","14,511,470.815","108,183,008.923","3,477.000","75,518.769",155.380,153.627,123.697,169.937,"7,512.400","291,850.000","266,363,620.000","3,156.000","57,077,747.000","44,525,385.000","15,361,705.000","29,163,680.000","19,385,235.000","21,629,722.000",126.330,99.327,-1.353,"270,738,750.636",161.88
2008-Q4,25.000,27.000,23.841,"1,235,079.683",1.533,1.541,2.022,2.032,"116,821,477.797","13,910,418.119","116,821,477.780","3,272.000","71,164.385",160.437,160.890,124.317,172.333,"7,773.267","280,407.000","274,827,296.000","3,252.000","46,834,271.000","40,831,897.000","14,962,719.000","25,869,178.000","16,312,266.000","20,517,621.333",119.700,93.613,-7.053,"260,652,364.267",158.61
2009-Q1,25.000,27.000,22.106,"1,109,775.277",1.649,1.657,2.151,2.162,"114,473,199.778","13,452,282.937","114,473,199.778","3,229.000","67,163.538",161.123,166.310,124.353,172.017,"7,806.233","265,010.000","292,306,039.000","2,114.000","45,627,248.000","38,144,120.000","15,163,987.000","22,980,133.000","15,765,975.667","22,141,566.000",120.450,93.587,-6.760,"212,877,603.685",156.52
2009-Q2,18.000,19.000,19.816,"2,168,528.224",1.565,1.573,2.130,2.140,"108,325,565.444","11,868,973.508","108,325,565.444","3,425.000","65,305.385",162.903,169.327,127.297,173.447,"8,085.400","267,643.000","301,675,595.000","1,356.000","53,309,497.000","40,939,202.000","13,177,744.000","27,761,458.000","18,109,447.000","19,468,692.667",126.613,97.603,-0.813,"242,954,167.595",158.89
2009-Q3,18.000,19.000,18.365,"2,129,569.190",1.493,1.501,2.132,2.142,"106,633,829.828","9,669,299.828","106,633,829.828","3,500.000","67,923.308",163.667,164.960,127.497,178.260,"8,127.400","270,849.000","320,629,903.000","1,452.000","53,674,291.000","46,248,781.000","16,301,841.000","29,946,940.000","18,243,939.333","24,112,750.667",128.707,98.300,1.880,"273,699,960.719",159.5
2009-Q4,15.000,16.000,15.805,"2,252,020.083",1.481,1.488,2.188,2.199,"109,108,046.635","8,827,515.175","109,108,046.635","3,727.000","70,849.308",169.600,172.953,127.477,181.740,"8,414.900","268,428.000","330,004,579.000","1,344.000","56,873,462.000","47,108,320.000","16,489,099.000","30,619,221.000","19,700,085.000","23,683,385.667",131.630,99.460,9.983,"276,840,749.606",162.58
2010-Q1,15.000,16.000,14.672,"2,787,133.953",1.501,1.509,2.079,2.089,"109,382,420.016","9,891,670.094","109,382,420.016","4,121.000","69,305.692",176.093,185.940,126.813,182.147,"8,748.533","266,959.000","340,678,449.000",966.000,"54,816,311.000","47,901,768.000","16,275,657.000","31,626,111.000","19,010,726.667","22,790,931.000",134.083,100.097,11.317,"241,906,377.404",167.85
2010-Q2,15.000,16.000,14.099,"2,425,253.706",1.532,1.539,1.952,1.961,"115,580,276.365","9,237,185.460","115,580,276.365","4,153.000","71,163.462",177.920,182.910,127.923,183.800,"8,987.500","265,160.000","343,141,864.000",584.000,"62,571,285.000","50,720,390.000","15,798,307.000","34,922,083.000","21,344,208.333","22,707,165.667",135.967,100.153,7.390,"280,563,140.107",173.33
2010-Q3,15.000,16.000,13.120,"1,977,605.929",1.510,1.517,1.947,1.957,"118,564,744.063","7,970,127.270","118,564,744.063","4,637.000","74,499.923",177.387,182.087,127.747,187.980,"8,820.833","283,445.000","347,759,368.000","1,871.000","64,993,444.000","55,167,141.000","17,517,635.000","37,649,506.000","22,157,633.333","24,110,957.333",138.673,100.680,7.740,"320,736,256.123",173.42
2010-Q4,14.000,15.000,12.207,"2,997,966.142",1.457,1.464,1.979,1.988,"122,673,740.574","8,096,130.033","122,673,740.574","4,913.000","79,418.714",182.200,193.863,127.803,189.547,"9,213.867","291,290.000","352,841,000.000","2,835.000","64,488,293.000","56,771,089.000","16,974,121.000","39,796,968.000","22,246,576.667","28,510,520.667",141.143,100.910,7.227,"324,458,705.521",177.18
2011-Q1,14.000,15.000,11.951,"3,584,533.740",1.570,1.578,2.147,2.157,"131,924,714.094","7,858,347.344","131,924,714.094","5,264.000","82,782.333",183.743,195.207,128.357,189.950,"9,179.233","301,145.000","359,899,953.000","5,640.000","66,287,437.000","57,450,307.000","19,290,110.000","38,160,197.000","22,909,605.667","24,284,413.333",144.273,101.497,7.593,"292,851,213.974",185.61
2011-Q2,14.000,15.000,12.720,"2,930,608.603",1.558,1.566,2.244,2.255,"142,306,337.500","7,757,618.922","142,306,337.500","5,357.000","90,161.308",188.397,197.133,128.780,193.243,"9,495.400","312,904.000","362,727,575.000","1,859.000","76,049,966.000","65,278,532.000","20,905,581.000","44,372,951.000","25,780,807.667","23,454,039.333",145.710,100.810,7.163,"338,785,260.832",189.52
2011-Q3,14.000,15.000,17.019,"2,404,960.941",1.726,1.734,2.439,2.451,"148,883,765.873","7,790,388.079","148,883,765.873","5,655.429","90,284.071",188.690,191.593,127.997,198.787,"9,393.367","311,331.000","366,695,301.000","4,322.000","73,178,435.000","65,649,575.000","20,935,221.000","44,714,354.000","25,010,350.000","25,884,404.333",148.610,101.073,7.163,"384,630,842.029",192.79
2011-Q4,17.000,17.750,18.757,"2,046,062.926",1.831,1.840,2.466,2.478,"148,274,452.468","8,000,571.661","148,274,452.452","8,309.846","84,152.462",198.953,207.327,128.247,201.863,"9,909.000","304,845.000","368,778,427.000","4,315.000","72,587,270.000","65,430,765.000","20,925,967.000","44,504,798.000","25,240,437.333","31,246,073.667",151.213,101.080,7.127,"388,660,298.074",200.56
2012-Q1,17.000,17.750,19.371,"2,536,357.107",1.790,1.799,2.346,2.358,"139,162,207.985","7,735,318.308","139,162,207.985","10,951.077","77,843.769",203.020,217.387,129.090,201.953,"10,094.333","317,908.000","375,186,768.000","4,084.000","75,311,352.000","64,473,236.000","23,254,262.000","41,218,974.000","25,806,124.000","27,949,948.667",153.680,100.957,6.510,"335,737,809.224",203.22
2012-Q2,16.000,16.500,18.309,"2,450,889.461",1.798,1.807,2.307,2.318,"153,874,640.159","8,017,095.190","153,874,640.159","12,478.846","80,285.923",206.140,212.207,130.463,205.953,"10,482.733","324,132.000","377,715,843.000","3,032.000","82,988,524.000","66,709,602.000","21,502,605.000","45,206,997.000","28,253,357.667","28,343,709.667",155.320,100.270,6.590,"385,033,718.793",203.51
2012-Q3,16.000,16.500,17.341,"2,034,786.476",1.796,1.804,2.245,2.256,"175,063,253.984","8,016,791.403","175,063,253.984","15,180.231","88,977.308",205.757,209.863,130.453,211.753,"10,366.367","329,542.000","387,674,541.000","1,492.000","79,355,136.000","70,755,997.000","23,567,691.000","47,188,306.000","27,170,909.667","29,720,110.000",158.117,100.320,6.393,"427,747,163.225",202.23
2012-Q4,13.500,13.750,15.452,"2,823,919.422",1.786,1.795,2.317,2.328,"197,953,899.976","8,114,494.952","197,953,899.976","18,300.308","98,973.154",212.423,218.370,130.417,211.423,"10,801.733","341,599.000","386,541,676.000","2,153.000","85,574,585.000","76,842,013.000","24,195,503.000","52,646,510.000","29,594,573.667","34,615,127.000",160.293,99.963,6.000,"432,960,559.630",206.32
2013-Q1,13.500,13.750,13.758,"3,305,270.719",1.780,1.786,2.351,2.359,"210,611,923.219","8,286,152.773","210,611,923.219","20,146.385","104,181.615",217.653,232.273,131.663,212.257,"10,887.167","357,921.000","392,814,154.000","2,096.000","91,038,079.000","77,351,212.000","25,047,921.000","52,303,291.000","31,380,116.333","31,679,137.667",163.763,100.400,6.560,"388,660,855.287",207.3
2013-Q2,9.500,11.000,12.649,"3,444,030.162",1.837,1.840,2.398,2.402,"229,727,728.016","8,420,119.603","229,727,728.016","20,502.692","109,136.923",220.523,231.017,132.883,217.817,"11,345.500","373,189.000","395,826,754.000","2,125.000","94,608,846.000","81,005,556.000","23,716,714.000","57,288,842.000","32,264,400.667","30,944,261.333",167.093,100.733,7.577,"444,833,478.532",209.67
2013-Q3,9.500,11.000,13.170,"3,132,362.944",1.967,1.970,2.603,2.608,"236,592,302.619","7,519,253.159","236,592,302.619","20,029.692","106,806.615",222.853,231.983,134.080,227.410,"11,241.133","379,073.000","407,946,350.000","3,261.000","96,569,774.000","81,906,474.000","25,041,806.000","56,864,668.000","33,037,605.333","35,556,861.000",168.810,100.103,6.757,"494,782,612.902",215.19
2013-Q4,10.250,11.750,13.724,"3,191,967.224",2.025,2.029,2.756,2.761,"260,515,207.279","8,975,497.787","260,515,207.279","21,038.000","112,905.000",228.303,240.617,135.700,232.747,"11,603.567","394,554.000","403,006,954.000","3,041.000","95,125,510.000","85,905,922.000","26,635,165.000","59,270,757.000","33,131,468.333","37,894,593.333",171.607,100.127,7.057,"495,150,368.386",219.67
2014-Q1,10.250,11.750,16.235,"3,098,181.084",2.216,2.220,3.036,3.041,"263,740,561.349","8,331,754.127","263,740,561.349","20,176.846","105,814.308",235.087,256.313,140.407,233.373,"11,755.900","393,903.000","408,998,834.000","3,026.000","100,742,603.000","85,094,731.000","28,217,575.000","56,877,156.000","34,766,632.333","35,272,247.333",173.067,99.390,5.673,"454,056,288.028",231.78
2014-Q2,10.250,11.750,16.517,"3,456,152.378",2.112,2.115,2.897,2.902,"265,673,008.806","8,551,870.645","265,673,008.823","20,502.538","109,053.538",241.253,261.607,144.277,239.020,"12,231.300","408,473.000","408,417,302.000","2,100.000","102,971,735.000","83,000,520.000","26,134,113.000","56,866,407.000","35,393,845.000","36,013,325.667",177.653,100.470,6.317,"490,144,355.245",233.41
2014-Q3,10.250,11.750,15.083,"3,336,807.267",2.162,2.165,2.867,2.873,"281,853,196.905","9,367,167.190","281,853,196.921","21,365.692","112,678.692",243.437,263.637,146.493,246.643,"12,325.833","403,969.000","408,212,396.000","1,351.000","99,663,009.000","90,555,411.000","30,166,278.000","60,389,133.000","34,341,010.667","37,192,730.333",180.053,100.313,6.653,"551,348,074.870",236.12
2014-Q4,9.000,10.500,14.678,"4,019,761.989",2.261,2.265,2.824,2.829,"287,802,567.222","9,048,000.175","287,802,567.222","20,089.385","111,837.000",248.303,272.413,148.300,251.890,"12,834.800","407,055.000","414,648,522.000","2,155.000","107,582,429.000","93,863,795.000","29,903,755.000","63,960,040.000","37,417,942.000","41,105,809.000",182.913,100.433,6.587,"559,349,109.510",237.82
2015-Q1,9.000,10.500,14.814,"4,684,632.842",2.458,2.462,2.770,2.775,"293,804,156.651","8,778,674.349","293,804,156.667","20,272.462","107,493.308",252.640,289.483,152.080,252.203,"13,050.167","395,433.000","423,184,375.000","3,433.000","109,152,681.000","96,286,438.000","33,293,042.000","62,993,396.000","37,726,899.667","39,537,974.333",184.763,100.027,6.760,"500,472,610.608",239.35
2015-Q2,9.000,10.500,15.323,"4,208,322.426",2.666,2.671,2.946,2.951,"302,968,639.177","8,609,212.952","302,968,639.177","19,275.462","102,370.231",259.917,293.410,154.460,256.080,"13,454.367","407,795.000","430,235,944.000","1,502.000","120,638,576.000","98,383,699.000","28,531,397.000","69,852,302.000","41,428,205.333","39,349,159.667",186.193,99.427,4.807,"566,138,634.170",247.45
2015-Q3,9.000,10.500,16.178,"3,153,243.309",2.843,2.848,3.165,3.170,"316,037,455.476","8,290,391.476","316,037,455.476","18,377.308","101,590.769",261.210,289.740,156.570,262.170,"13,457.833","409,490.000","438,174,912.000","5,059.000","112,816,075.000","103,599,367.000","32,985,398.000","70,613,969.000","38,907,836.000","43,663,085.333",188.453,99.310,4.663,"634,505,317.342",250.89
2015-Q4,9.000,10.500,17.527,"4,171,875.206",2.906,2.912,3.185,3.191,"312,053,604.246","8,676,374.738","312,053,604.246","18,056.462","99,215.846",268.573,298.813,158.893,267.993,"13,841.800","399,213.000","440,124,283.000","2,187.000","124,071,743.000","109,548,951.000","33,718,069.000","75,830,882.000","42,863,692.333","46,218,145.000",191.470,99.620,4.673,"649,824,781.164",251.06
2016-Q1,9.000,10.500,17.841,"4,499,902.624",2.944,2.949,3.244,3.250,"299,368,823.354","7,314,211.769","299,368,823.354","18,221.692","93,903.692",274.363,313.537,165.657,269.063,"14,195.967","413,005.000","448,233,068.000","1,266.000","126,807,482.000","108,543,286.000","37,299,869.000","71,243,417.000","43,904,556.333","43,889,117.333",192.530,98.947,4.200,"567,941,667.619",250.67
2016-Q2,9.000,10.500,17.588,"4,177,900.035",2.893,2.898,3.269,3.275,"319,732,848.047","7,408,545.938","319,732,848.047","18,988.846","98,875.231",277.923,303.523,169.377,275.133,"14,433.933","422,860.000","453,268,709.000","1,691.000","138,751,734.000","108,009,956.000","34,759,522.000","73,250,434.000","47,762,422.333","47,394,866.333",196.470,99.787,5.517,"635,574,636.725",255.32
2016-Q3,9.000,10.500,17.406,"3,691,593.522",2.960,2.966,3.304,3.310,"339,414,320.586","10,112,083.155","339,414,320.586","19,352.143","102,596.714",282.203,309.023,172.653,286.173,"14,588.667","418,508.000","463,078,944.000","1,740.000","126,525,174.000","112,420,765.000","37,526,083.000","74,894,682.000","43,161,376.000","47,556,257.667",198.137,99.497,5.133,"670,483,688.100",258.2
2016-Q4,8.750,9.750,16.325,"3,754,931.584",3.278,3.284,3.536,3.543,"354,785,033.200","12,400,534.108","354,785,033.200","16,311.923","99,648.846",288.893,313.160,173.873,293.503,"14,957.700","408,340.000","468,644,329.000","2,882.000","144,178,335.000","130,027,734.000","40,594,826.000","89,432,908.000","49,884,812.667","55,850,235.667",201.707,100.193,5.343,"752,559,717.189",267.06
2017-Q1,8.750,9.750,16.570,"4,850,361.026",3.691,3.698,3.931,3.938,"366,992,974.892","14,614,115.246","366,992,974.892","16,095.769","91,831.615",302.383,343.817,186.620,294.717,"15,477.067","417,995.000","483,347,811.000","2,249.000","138,689,025.000","121,616,313.000","42,091,505.000","79,524,808.000","48,244,909.000","53,218,949.000",204.380,100.470,6.147,"654,453,583.455",288.39
2017-Q2,8.750,9.750,17.170,"5,291,461.016",3.579,3.585,3.930,3.937,"372,264,068.361","14,638,231.443","372,264,068.361","17,945.846","87,939.077",309.873,350.937,191.543,301.470,"15,779.900","438,371.000","495,327,996.000","1,913.000","150,519,793.000","124,454,556.000","41,053,118.000","83,401,438.000","51,488,331.000","54,926,107.000",206.397,100.463,5.047,"740,272,382.405",294.87
2017-Q3,8.750,9.750,17.893,"6,037,524.333",3.515,3.521,4.124,4.132,"381,902,504.419","14,564,894.677","381,902,504.419","19,931.000","89,436.923",311.990,344.567,193.053,315.583,"15,885.067","443,163.000","523,509,853.000","1,065.000","153,462,896.000","139,278,456.000","46,498,089.000","92,780,367.000","52,469,262.333","54,595,172.667",211.417,101.953,6.700,"839,912,109.576",299.58
2017-Q4,8.750,9.750,18.931,"7,009,570.532",3.796,3.802,4.469,4.477,"417,939,970.569","14,302,689.846","417,939,970.569","22,170.462","92,901.077",324.330,357.300,195.027,324.240,"16,460.333","454,361.000","535,447,618.000","2,174.000","167,587,291.000","151,267,881.000","47,206,251.000","104,061,630.000","57,913,853.000","63,167,210.333",213.017,101.820,5.603,"899,066,191.929",311.58
2018-Q1,8.750,9.750,19.999,"7,902,715.174",3.811,3.818,4.684,4.692,"417,350,599.656","13,172,324.547","417,350,599.641","25,081.692","89,168.077",333.467,377.530,204.917,326.573,"16,887.833","467,619.000","550,374,000.000","1,439.000","160,243,472.000","145,803,341.000","52,868,440.000","92,934,901.000","55,812,162.000","62,619,707.000",214.470,101.663,4.943,"796,554,436.718",326.99
2018-Q2,18.500,19.500,21.246,"7,529,206.704",4.367,4.375,5.205,5.214,"450,155,247.806","13,786,459.871","450,155,247.806","24,616.692","83,281.154",349.520,396.100,211.263,334.290,"17,525.333","459,876.000","561,195,000.000","1,456.000","180,924,325.000","149,017,135.000","52,215,446.000","96,801,689.000","62,054,734.667","70,610,696.667",213.807,100.550,3.587,"898,229,274.018",354.11
2018-Q3,18.500,19.500,29.968,"9,237,282.017",5.582,5.592,6.490,6.502,"477,830,712.633","12,615,057.500","477,830,712.633","20,468.538","74,073.385",372.637,421.323,218.167,347.280,"18,323.900","448,922.000","586,987,000.000","1,337.000","188,333,557.000","164,529,995.000","59,842,142.000","104,687,853.000","64,405,776.000","67,950,885.000",211.747,98.840,0.167,"1,036,561,052.902",402.82
2018-Q4,18.500,19.500,36.132,"7,254,933.884",5.516,5.526,6.299,6.311,"446,286,084.908","13,003,032.846","446,286,084.892","18,983.154","69,742.462",396.877,452.533,226.737,357.383,"19,564.633","443,802.000","586,142,000.000","2,467.000","202,802,828.000","161,960,127.000","66,497,968.000","95,462,159.000","70,338,764.333","75,635,218.000",211.623,98.057,-0.653,"1,026,970,856.963",433.09
2019-Q1,18.500,19.500,26.652,"8,411,070.064",5.359,5.369,6.091,6.102,"511,464,438.365","9,862,318.032","511,464,438.365","20,518.923","75,539.077",399.863,490.750,242.917,363.370,"19,933.367","449,521.000","623,931,246.000","1,796.000","212,269,734.000","154,262,111.000","62,547,811.000","91,714,300.000","72,760,886.000","84,814,369.333",214.690,98.770,0.100,"925,360,236.066",427.37
2019-Q2,18.500,19.500,28.120,"6,509,949.545",5.872,5.883,6.596,6.608,"545,673,786.567","9,719,761.517","545,673,786.583","21,064.923","74,338.769",412.260,500.393,252.227,378.673,"20,734.567","440,436.000","676,157,689.000","1,384.000","179,916,636.000","153,480,671.000","56,248,880.000","97,231,791.000","61,567,101.667","75,707,937.000",216.793,99.027,1.393,"1,028,470,103.180",452.92
2019-Q3,18.500,19.500,23.519,"8,227,721.066",5.672,5.682,6.310,6.321,"576,526,270.115","14,890,166.918","576,526,270.115","24,550.154","76,119.000",423.040,483.970,255.093,399.640,"21,103.933","433,757.000","701,029,251.000","1,613.000","245,593,563.000","177,549,721.000","67,137,195.000","110,412,526.000","83,607,914.667","86,019,718.667",218.490,99.083,3.187,"1,158,060,427.555",451.05
2019-Q4,12.750,13.750,17.095,"11,007,340.277",5.785,5.796,6.403,6.415,"628,858,364.385","17,655,790.323","628,858,364.369","26,234.385","78,470.615",437.780,494.223,258.260,408.633,"21,960.267","435,490.000","755,051,843.000","1,085.000","215,367,880.000","188,022,064.000","71,193,506.000","116,828,558.000","73,996,169.000","86,621,119.333",223.003,100.387,5.373,"1,208,300,459.967",452.12
2020-Q1,12.750,13.750,14.792,"16,562,181.100",6.094,6.105,6.723,6.735,"676,316,856.500","15,559,686.484","676,316,856.500","29,064.154","74,164.692",448.350,539.297,275.647,415.073,"22,470.900","431,623.000","808,767,961.000","2,232.000","248,140,969.000","176,099,690.000","71,225,648.000","104,874,042.000","85,249,648.000","95,109,849.000",224.343,100.240,4.497,"1,073,528,341.038",465.25
2020-Q2,9.000,10.000,11.790,"21,281,799.792",6.853,6.865,7.547,7.561,"711,291,383.050","57,398,428.983","711,291,383.050","35,521.692","53,698.846",460.297,562.203,285.417,423.103,"23,173.200","426,039.000","983,903,077.000",625.000,"196,582,609.000","159,848,450.000","54,197,999.000","105,650,451.000","66,554,107.000","93,177,366.667",212.163,94.050,-2.130,"1,035,789,057.373",480.69
2020-Q3,9.000,10.000,15.534,"28,396,769.054",7.208,7.221,8.424,8.439,"742,931,754.429","89,540,126.698","742,931,754.429","42,283.154","46,347.615",472.793,550.393,292.463,437.610,"23,658.000","435,994.000","1,105,746,853.000","1,438.000","269,349,959.000","242,781,301.000","78,277,744.000","164,503,557.000","91,336,832.000","101,717,038.667",230.393,101.323,5.447,"1,413,804,020.199",502.44
2020-Q4,15.750,16.750,20.991,"37,975,192.460",7.862,7.876,9.372,9.389,"805,678,499.092","88,563,275.585","805,678,499.092","42,074.857","44,840.000",496.923,590.177,300.030,437.503,"24,952.067","450,047.000","1,060,353,529.000","1,376.000","291,836,551.000","254,332,853.000","77,437,285.000","176,895,568.000","100,023,847.667","110,741,235.333",232.593,101.460,4.297,"1,524,788,080.273",552.3
2021-Q1,15.750,16.750,22.642,"41,432,542.223",7.377,7.391,8.895,8.911,"820,564,630.476","86,381,102.349","820,564,630.476","40,947.917","52,300.000",518.263,636.257,325.557,443.587,"25,983.033",,"1,111,241,986.000",781.000,"336,347,382.000","255,097,697.000","96,759,246.000","158,338,451.000","114,705,136.000","107,111,889.667",235.420,101.850,4.950,,596.28